﻿{"cameraMode":{"drawMode":0,"name":"Shaded","section":"Shading Mode"},"sceneLighting":true,"audioPlay":false,"sceneViewState":{"showFog":true,"showMaterialUpdate":false,"showSkybox":true,"showFlares":true,"showImageEffects":true,"showParticleSystems":true},"in2DMode":false,"pivot":{"x":0.6753597259521484,"y":2.7371344566345217,"z":4.712889671325684},"rotation":{"x":-0.21038392186164857,"y":-0.34407609701156618,"z":0.07940616458654404,"w":-0.9116177558898926},"size":12.643606185913086,"orthographic":false}